Tritium decay data,
time [years],remaining
0,1
12,0.591763805
25,0.260352436
37,0.168517788
49,0.079933645
62,0.05773112
74,0.029088122
86,0.014841291
99,0.005468037
111,0.003311204
123,0.001692726
136,0.001007891
148,0.000278998
160,0.000139025
172,0.000105379
185,9.35165E-05
